INSERT INTO players (PId, PName, nationality) VALUES (158023, 'Lionel Messi', 'Argentina');
INSERT INTO players (PId, PName, nationality) VALUES (20801, 'Cristiano Ronaldo', 'Portugal');
INSERT INTO players (PId, PName, nationality) VALUES (190871, 'Neymar Jr', 'Brazil');
INSERT INTO players (PId, PName, nationality) VALUES (203376, 'Virgil van Dijk', 'Netherlands');
INSERT INTO players (PId, PName, nationality) VALUES (200389, 'Jan Oblak', 'Slovenia');
INSERT INTO players (PId, PName, nationality) VALUES (192985, 'Kevin De Bruyne', 'Belgium');
INSERT INTO players (PId, PName, nationality) VALUES (188545, 'Robert Lewandowski', 'Poland');
INSERT INTO players (PId, PName, nationality) VALUES (183277, 'Eden Hazard', 'Belgium');
INSERT INTO players (PId, PName, nationality) VALUES (212831, 'Alisson', 'Brazil');
INSERT INTO players (PId, PName, nationality) VALUES (209331, 'Mohamed Salah', 'Egypt');
INSERT INTO players (PId, PName, nationality) VALUES (202126, 'Harry Kane', 'England');
INSERT INTO players (PId, PName, nationality) VALUES (194765, 'Antoine Griezmann', 'France');
INSERT INTO players (PId, PName, nationality) VALUES (182521, 'Toni Kroos', 'Germany');
INSERT INTO players (PId, PName, nationality) VALUES (177003, 'Luka Modric', 'Croatia');
INSERT INTO players (PId, PName, nationality) VALUES (176580, 'Luis Suarez', 'Uruguay');
INSERT INTO players (PId, PName, nationality) VALUES (167495, 'Manuel Neuer', 'Germany');
INSERT INTO players (PId, PName, nationality) VALUES (155862, 'Sergio Ramos', 'Spain');
INSERT INTO players (PId, PName, nationality) VALUES (210257, 'Ederson', 'Brazil');
INSERT INTO players (PId, PName, nationality) VALUES (202652, 'Raheem Sterling', 'England');
INSERT INTO players (PId, PName, nationality) VALUES (201942, 'Roberto Firmino', 'Brazil');
INSERT INTO players (PId, PName, nationality) VALUES (201024, 'Kalidou Koulibaly', 'Senegal');
INSERT INTO players (PId, PName, nationality) VALUES (200145, 'Casemiro', 'Brazil');
INSERT INTO players (PId, PName, nationality) VALUES (193080, 'De Gea', 'Spain');
INSERT INTO players (PId, PName, nationality) VALUES (192119, 'Thibaut Courtois', 'Belgium');
INSERT INTO players (PId, PName, nationality) VALUES (189511, 'Sergio Busquets', 'Spain');
INSERT INTO players (PId, PName, nationality) VALUES (188567, 'Pierre-Emerick Aubameyang', 'Gabon');
INSERT INTO players (PId, PName, nationality) VALUES (165153, 'Karim Benzema', 'France');
INSERT INTO players (PId, PName, nationality) VALUES (162835, 'Samir Handanovic', 'Slovenia');
INSERT INTO players (PId, PName, nationality) VALUES (138956, 'Giorgio Chiellini', 'Italy');
INSERT INTO players (PId, PName, nationality) VALUES (218667, 'Bernardo Silva', 'Portugal');
INSERT INTO players (PId, PName, nationality) VALUES (212622, 'Joshua Kimmich', 'Germany');
INSERT INTO players (PId, PName, nationality) VALUES (212218, 'Aymeric Laporte', 'France');
INSERT INTO players (PId, PName, nationality) VALUES (211110, 'Paulo Dybala', 'Argentina');
INSERT INTO players (PId, PName, nationality) VALUES (200104, 'Heung Min Son', 'Korea Republic');
INSERT INTO players (PId, PName, nationality) VALUES (199556, 'Marco Verratti', 'Italy');
INSERT INTO players (PId, PName, nationality) VALUES (195864, 'Paul Pogba', 'France');
INSERT INTO players (PId, PName, nationality) VALUES (193041, 'Keylor Navas', 'Costa Rica');
INSERT INTO players (PId, PName, nationality) VALUES (192387, 'Ciro Immobile', 'Italy');
INSERT INTO players (PId, PName, nationality) VALUES (190460, 'Christian Eriksen', 'Denmark');
INSERT INTO players (PId, PName, nationality) VALUES (189513, 'Parejo', 'Spain');
INSERT INTO players (PId, PName, nationality) VALUES (188350, 'Marco Reus', 'Germany');
INSERT INTO players (PId, PName, nationality) VALUES (186153, 'Wojciech Szczesny', 'Poland');
INSERT INTO stats (PId, age, overall, potential) VALUES (158023, 33, 94, 94);
INSERT INTO stats (PId, age, overall, potential) VALUES (20801, 35, 93, 93);
INSERT INTO stats (PId, age, overall, potential) VALUES (190871, 28, 92, 92);
INSERT INTO stats (PId, age, overall, potential) VALUES (203376, 29, 91, 92);
INSERT INTO stats (PId, age, overall, potential) VALUES (200389, 27, 91, 93);
INSERT INTO stats (PId, age, overall, potential) VALUES (192985, 29, 91, 91);
INSERT INTO stats (PId, age, overall, potential) VALUES (188545, 31, 91, 91);
INSERT INTO stats (PId, age, overall, potential) VALUES (183277, 29, 91, 91);
INSERT INTO stats (PId, age, overall, potential) VALUES (212831, 27, 90, 91);
INSERT INTO stats (PId, age, overall, potential) VALUES (209331, 28, 90, 90);
INSERT INTO stats (PId, age, overall, potential) VALUES (202126, 27, 89, 91);
INSERT INTO stats (PId, age, overall, potential) VALUES (194765, 29, 89, 89);
INSERT INTO stats (PId, age, overall, potential) VALUES (182521, 30, 89, 89);
INSERT INTO stats (PId, age, overall, potential) VALUES (177003, 34, 89, 89);
INSERT INTO stats (PId, age, overall, potential) VALUES (176580, 33, 89, 89);
INSERT INTO stats (PId, age, overall, potential) VALUES (167495, 34, 89, 89);
INSERT INTO stats (PId, age, overall, potential) VALUES (155862, 34, 89, 89);
INSERT INTO stats (PId, age, overall, potential) VALUES (210257, 26, 88, 91);
INSERT INTO stats (PId, age, overall, potential) VALUES (202652, 25, 88, 90);
INSERT INTO stats (PId, age, overall, potential) VALUES (201942, 28, 88, 88);
INSERT INTO stats (PId, age, overall, potential) VALUES (201024, 29, 88, 90);
INSERT INTO stats (PId, age, overall, potential) VALUES (200145, 28, 88, 89);
INSERT INTO stats (PId, age, overall, potential) VALUES (193080, 29, 88, 88);
INSERT INTO stats (PId, age, overall, potential) VALUES (192119, 28, 88, 89);
INSERT INTO stats (PId, age, overall, potential) VALUES (189511, 32, 88, 88);
INSERT INTO stats (PId, age, overall, potential) VALUES (188567, 31, 88, 88);
INSERT INTO stats (PId, age, overall, potential) VALUES (165153, 32, 88, 88);
INSERT INTO stats (PId, age, overall, potential) VALUES (162835, 36, 88, 88);
INSERT INTO stats (PId, age, overall, potential) VALUES (138956, 35, 88, 88);
INSERT INTO stats (PId, age, overall, potential) VALUES (218667, 25, 87, 90);
INSERT INTO stats (PId, age, overall, potential) VALUES (212622, 25, 87, 90);
INSERT INTO stats (PId, age, overall, potential) VALUES (212218, 26, 87, 90);
INSERT INTO stats (PId, age, overall, potential) VALUES (211110, 26, 87, 90);
INSERT INTO stats (PId, age, overall, potential) VALUES (200104, 28, 87, 87);
INSERT INTO stats (PId, age, overall, potential) VALUES (199556, 27, 87, 88);
INSERT INTO stats (PId, age, overall, potential) VALUES (195864, 27, 87, 88);
INSERT INTO stats (PId, age, overall, potential) VALUES (193041, 33, 87, 87);
INSERT INTO stats (PId, age, overall, potential) VALUES (192387, 30, 87, 87);
INSERT INTO stats (PId, age, overall, potential) VALUES (190460, 28, 87, 87);
INSERT INTO stats (PId, age, overall, potential) VALUES (189513, 31, 87, 87);
INSERT INTO stats (PId, age, overall, potential) VALUES (188350, 31, 87, 87);
INSERT INTO stats (PId, age, overall, potential) VALUES (186153, 30, 87, 88);
INSERT INTO teams (PName, team, position, goals) VALUES ('Lionel Messi', "FC Barcelona ", 'ST|CF|RW', 299);
INSERT INTO teams (PName, team, position, goals) VALUES ('Cristiano Ronaldo', "Juventus ", 'ST|LW', 276);
INSERT INTO teams (PName, team, position, goals) VALUES ('Neymar Jr', "Paris Saint-Germain ", 'CAM|LW', 186);
INSERT INTO teams (PName, team, position, goals) VALUES ('Virgil van Dijk', "Liverpool ", 'CB', 127);
INSERT INTO teams (PName, team, position, goals) VALUES ('Jan Oblak', "Atlético Madrid ", 'GK', 47);
INSERT INTO teams (PName, team, position, goals) VALUES ('Kevin De Bruyne', "Manchester City ", 'CM|CAM', 119);
INSERT INTO teams (PName, team, position, goals) VALUES ('Robert Lewandowski', "FC Bayern München ", 'ST', 89);
INSERT INTO teams (PName, team, position, goals) VALUES ('Eden Hazard', "Real Madrid ", 'ST|LW', 66);
INSERT INTO teams (PName, team, position, goals) VALUES ('Alisson', "Liverpool ", 'GK', 53);
INSERT INTO teams (PName, team, position, goals) VALUES ('Mohamed Salah', "Liverpool ", 'ST|RW', 94);
INSERT INTO teams (PName, team, position, goals) VALUES ('Harry Kane', "Tottenham Hotspur ", 'ST', 64);
INSERT INTO teams (PName, team, position, goals) VALUES ('Antoine Griezmann', "FC Barcelona ", 'ST|CF|LW', 66);
INSERT INTO teams (PName, team, position, goals) VALUES ('Toni Kroos', "Real Madrid ", 'CM', 37);
INSERT INTO teams (PName, team, position, goals) VALUES ('Luka Modric', "Real Madrid ", 'CM', 31);
INSERT INTO teams (PName, team, position, goals) VALUES ('Luis Suarez', "FC Barcelona ", 'ST', 54);
INSERT INTO teams (PName, team, position, goals) VALUES ('Manuel Neuer', "FC Bayern München ", 'GK', 42);
INSERT INTO teams (PName, team, position, goals) VALUES ('Sergio Ramos', "Real Madrid ", 'CB', 55);
INSERT INTO teams (PName, team, position, goals) VALUES ('Ederson', "Manchester City ", 'GK', 40);
INSERT INTO teams (PName, team, position, goals) VALUES ('Raheem Sterling', "Manchester City ", 'RW|LW', 61);
INSERT INTO teams (PName, team, position, goals) VALUES ('Roberto Firmino', "Liverpool ", 'CF', 79);
INSERT INTO teams (PName, team, position, goals) VALUES ('Kalidou Koulibaly', "Napoli ", 'CB', 78);
INSERT INTO teams (PName, team, position, goals) VALUES ('Casemiro', "Real Madrid ", 'CDM', 37);
INSERT INTO teams (PName, team, position, goals) VALUES ('De Gea', "Manchester United ", 'GK', 39);
INSERT INTO teams (PName, team, position, goals) VALUES ('Thibaut Courtois', "Real Madrid ", 'GK', 34);
INSERT INTO teams (PName, team, position, goals) VALUES ('Sergio Busquets', "FC Barcelona ", 'CDM', 34);
INSERT INTO teams (PName, team, position, goals) VALUES ('Pierre-Emerick Aubameyang', "Arsenal ", 'ST|LM', 114);
INSERT INTO teams (PName, team, position, goals) VALUES ('Karim Benzema', "Real Madrid ", 'ST|CF', 51);
INSERT INTO teams (PName, team, position, goals) VALUES ('Samir Handanovic', "Inter ", 'GK', 13);
INSERT INTO teams (PName, team, position, goals) VALUES ('Giorgio Chiellini', "Juventus ", 'CB', 19);
INSERT INTO teams (PName, team, position, goals) VALUES ('Bernardo Silva', "Manchester City ", 'CM|CAM|RW', 53);
INSERT INTO teams (PName, team, position, goals) VALUES ('Joshua Kimmich', "FC Bayern München ", 'RB|CDM|CM', 82);
INSERT INTO teams (PName, team, position, goals) VALUES ('Aymeric Laporte', "Manchester City ", 'CB', 38);
INSERT INTO teams (PName, team, position, goals) VALUES ('Paulo Dybala', "Juventus ", 'CAM|CF', 95);
INSERT INTO teams (PName, team, position, goals) VALUES ('Heung Min Son', "Tottenham Hotspur ", 'LM|CF', 75);
INSERT INTO teams (PName, team, position, goals) VALUES ('Marco Verratti', "Paris Saint-Germain ", 'CDM|CM', 45);
INSERT INTO teams (PName, team, position, goals) VALUES ('Paul Pogba', "Manchester United ", 'CDM|CM', 70);
INSERT INTO teams (PName, team, position, goals) VALUES ('Keylor Navas', "Paris Saint-Germain ", 'GK', 28);
INSERT INTO teams (PName, team, position, goals) VALUES ('Ciro Immobile', "Lazio ", 'ST', 130);
INSERT INTO teams (PName, team, position, goals) VALUES ('Christian Eriksen', "Inter ", 'RM|CM|CAM', 48);
INSERT INTO teams (PName, team, position, goals) VALUES ('Parejo', "Valencia CF ", 'CM', 14);
INSERT INTO teams (PName, team, position, goals) VALUES ('Marco Reus', "Borussia Dortmund ", 'CAM|CF', 42);
INSERT INTO teams (PName, team, position, goals) VALUES ('Wojciech Szczesny', "Juventus ", 'GK', 17);
